{"cameraMode":{"drawMode":1,"name":"Wireframe","section":"Shading Mode"},"sceneLighting":false,"audioPlay":false,"sceneViewState":{"showFog":true,"showMaterialUpdate":false,"showSkybox":true,"showFlares":true,"showImageEffects":true,"showParticleSystems":true},"in2DMode":false,"pivot":{"x":510.97503662109377,"y":358.8394775390625,"z":-12.08203125},"rotation":{"x":0.20486029982566834,"y":-0.35872897505760195,"z":0.08377532660961151,"w":0.906822681427002},"size":1029.742919921875,"orthographic":false}